ID	FileName
0	ZABAP_LSAP_KNBK.txt

1	ZISA_XX_FILL.txt

2	ZSDRO021.txt

3	ZGLRY009.txt

4	ZMMRB012.txt

5	ZJ_1AF012.txt

6	ZFIRG005.txt

7	ZV000031.txt

8	ZFI_XX_JVUPLOAD_POST_V2.txt

9	ZMMRB098.txt

10	ZCORZ010.txt

11	ZSD_XX_SALESORD_BUILD2.txt

12	ZCOR005.txt

13	ZMMRB004.txt

14	ZMDM_XX_WF_DURATION.txt

15	ZSDRC013.txt

16	ZARSA003.txt

17	ZSDRO013.txt

18	ZABAP_GL_ACCT_LSAP.txt

19	ZCORB002.txt

20	ZARSB084.txt

21	ZPPSB010.txt

22	ZMMRB035.txt

23	ZFI_AR_FBL5N.txt

24	ZMMRB083.txt

25	ZPPRZ004.txt

26	ZSDRA129.txt

27	ZSECR_RBE.txt

28	ZABAP_INTRNL_ORDER_LSAP.txt

29	ZGLSB010.txt

30	ZPPRB004.txt

31	ZSDRB186.txt

32	ZFIRC005.txt

33	ZSAPMSBDC_CC.txt

34	ZCOSB910.txt

35	ZGAR_ADM.txt

36	ZABAP_LSAP_ADRT.txt

37	ZMM_PO_TRACKING.txt

38	ZARRA004N.txt

39	ZPPRB043.txt

40	ZCO_BR_GPC_SALES_EXTRACTION.txt

41	ZFI_XX_TE_MAINTAIN_APPR.txt

42	ZABAP_LSAP_KNVV.txt

43	ZMM_PO_DETAILS.txt

44	ZARSA019.txt

45	ZSAFB012.txt

46	ZMMRA033.txt

47	ZPPRB052.txt

48	ZSDRB310.txt

49	ZARRB036F.txt

50	ZGLRO005.txt

51	ZABAP_COST_CENTER_LSAP.txt

52	ZSAFB004.txt

53	ZARPB004.txt

54	ZGLRO022.txt

55	ZSDRA087.txt

56	ZTRA001.txt

57	ZGLRC014.txt

58	ZMMRB141.txt

59	ZPPRB28.txt

60	ZCO_IM_BRL.txt

61	ZSD_XX_DISPLAY_TABLES.txt

62	ZCO_XX_GPC_EXTRACTION_COST.txt

63	ZSDRA114.txt

64	ZTRRA019.txt

65	ZEQUI_SAPIENS_CHILE.txt

66	ZFI_TAXES_CUSTOMERS_ENTR_RIO_R.txt

67	ZMMRA018.txt

68	ZMMRB156.txt

69	ZMLRC013C.txt

70	ZSD_XX_RBDSTATE.txt

71	ZMMRS006.txt

72	ZBATCH_LSAP.txt

73	ZMMRB028.txt

74	ZSDRA080.txt

75	ZFI_CRESCERE_COCKPIT_ALLOCATIO.txt

76	ZFI_XX_CC_IO_APPROVER.txt

77	ZSDB_EMENDA_CONST8715.txt

78	ZFIRG022.txt

79	ZFI_XX_JOURNAL_ENTRY.txt

80	ZCO_XX_GPC_SALES_EXTRACTION.txt

81	ZSDRB083.txt

82	ZFIRDIPA_06.txt

83	ZMMRZ018.txt

84	ZMMRB003.txt

85	ZPPRB013.txt

86	ZFI_XX_PPV_SPLIT.txt

87	ZGLRY008.txt

88	ZAPRA017.txt

89	ZFI_XX_PPV_SPLIT_USD.txt

90	ZABAP_LSAP_KNVP.txt

91	ZCORZ008.txt

92	ZGLRA020_01.txt

93	ZFI_EV_COBRANZAS_01.txt

94	ZTRRA013.txt

95	ZSDRC015_KPI_PED_RECHAZADOS.txt

96	ZMMRB018.txt

97	ZSDRA105.txt

98	ZGLRA003_CON.txt

99	ZGLRC007.txt

100	ZFI_AR_PAYMTRECPT_TRANSFER.txt

101	ZSDRO006.txt

102	ZSD_RM06ENDR_ALV.txt

103	ZARRB001.txt

104	ZGLRB100.txt

105	ZFI_XX_FOREIGN_REVALUATION.txt

106	ZCORB009.txt

107	ZSDRB266.txt

108	ZJ_1AF007Z.txt

109	ZBA_TR_EMERGENCY.txt

110	ZMMRB084.txt

111	ZABAP_LSAP_VBAK.txt

112	ZMM_PR_APPROVER.txt

113	ZMMRB157.txt

114	ZSDSA007.txt

115	ZSDRA079.txt

116	ZFI_RFSSLD00.txt

117	ZMMRB042.txt

118	ZGLRA018.txt

119	ZSD_XX_4PL_DELIVERY_CHANGE.txt

120	ZSDRB299.txt

121	ZARRB055.txt

122	ZABAP_LSAP_KNAS.txt

123	ZFI_VIM_CONFIRMATION_ORDER.txt

124	ZMMRA034.txt

125	ZTRRA003.txt

126	ZSDRA115.txt

127	ZSDRBCARGARM01.txt

128	ZSAFB030.txt

129	ZRFIDVE20A.txt

130	ZMMRA017.txt

131	ZTRRA020.txt

132	ZARRA021.txt

133	ZARRB038.txt

134	ZSD_MATERIAL_SUBSTITUTION.txt

135	ZRPFI009.txt

136	ZCOSB007.txt

137	ZTRRA018.txt

138	ZAPRA018.txt

139	ZAPRB004.txt

140	ZGLRO004.txt

141	ZSDRA081.txt

142	ZSDSO010.txt

143	ZCOSZ007.txt

144	ZCORB010.txt

145	ZFGPD001.txt

146	ZGY_TESAKA.txt

147	ZTRSA001.txt

148	ZINF_DEV_OBJECTS_01.txt

149	ZMMPB002.txt

150	ZSD_AR_APROV_MIXPROD_CS.txt

151	ZARSA018.txt

152	ZBISB510.txt

153	ZSDRA112.txt

154	ZF_30.txt

155	ZARSC005.txt

156	ZFIANEXO_DIF_CAMBIO.txt

157	ZMDM_XX_WF_OPEN.txt

158	ZMMRB081.txt

159	ZFI_CRESCERE_COCKPIT_REPORT.txt

160	ZFI_AR_PRINT_EXRATE_DEBITMEMO.txt

161	ZFIRO003.txt

162	ZMMRB162.txt

163	ZSDRB013.txt

164	ZMGLSRCE2_AR.txt

165	ZJ_1AF016_B_RG830.txt

166	ZBISB500.txt

167	ZGLRZ002.txt

168	ZSDRC007_IDPRCNINVOICE.txt

169	ZMMRA027.txt

170	ZARCIBA_CON.txt

171	ZMMRB096.txt

172	ZFI_AR_ZHCC.txt

173	ZPPRB002.txt

174	ZPY_1APAC.txt

175	ZFI_VIM03_BULK_PROCESSING.txt

176	ZARRC007.txt

177	ZSDRA046N.txt

178	ZSDRB021.txt

179	ZSDRA054.txt

180	ZMMRZ009_B.txt

181	ZARRB002.txt

182	ZMM_READ_TEXT.txt

183	ZPCSB800.txt

184	ZINF_DEV_OBJECTS_06.txt

185	ZMMRA032.txt

186	ZSD_XX_ORDER_REPORT.txt

187	ZABAP_LSAP_ADR6.txt

188	ZSDRC014_TRACKING_PEDIDOS.txt

189	ZSDRB150.txt

190	ZFI_CIRCU_DEUDA.txt

191	ZGLRC008.txt

192	ZRGUCOMP4.txt

193	ZFIRDIDE_13.txt

194	ZARRB030.txt

195	ZSD_BILLNHOLD_REPORT.txt

196	ZARRP002.txt

197	ZGAR_LIST1.txt

198	ZFI_XX_FIREAPPS_ARAP_REPORT.txt

199	ZSAFB014.txt

200	ZABAP_NIA_EKPO_LSAP.txt

201	ZARSA017.txt

202	ZMM_XX_STOCK_RECON.txt

203	ZFIRA011.txt

204	ZFI_AR_CUST_MASTER_DATA.txt

205	ZCORZ007.txt

206	ZMM_XX_ARBA_VENDOR_UPDATE.txt

207	ZARRC004.txt

208	ZMMRB034.txt

209	ZGLSB004.txt

210	ZPPSB031.txt

211	ZMMRZ021.txt

212	ZFI_AR_CLEARED_ITEMS.txt

213	ZABAP_LSAP_BSID.txt

214	ZGLRO003.txt

215	ZMDM_XX_IDOC_FAILURE_REP.txt

216	ZAPRA019.txt

217	ZRPFI029.txt

218	ZMDM_XX_WF_DURATION_TASK.txt

219	ZFI_XX_HEIRARCHYTABDISP.txt

220	ZARRA029_HIST.txt

221	ZMMRP001.txt

222	ZSDRA083.txt

223	ZGLRO001.txt

224	ZGLSC008.txt

225	ZMMRO001.txt

226	ZARRB018.txt

227	ZARSC004.txt

228	ZFIRB014.txt

229	ZSDRB014.txt

230	ZARRB052.txt

231	ZPPSB997.txt

232	ZPPSB001.txt

233	ZABAP_LSAP_KNA1.txt

234	ZJ_1BLB02_CROP_620.txt

235	ZFI_AR_PRINT_EXRATE_DEBMEM_NEW.txt

236	ZFIRO002.txt

237	ZSAFM000.txt

238	ZMMRA_DETERMINA_FENCE.txt

239	ZSDRO010.txt

240	ZPPRB046.txt

241	ZARRB003.txt

242	ZGAR_MASTER.txt

243	ZSDRA055.txt

244	ZGLSC014.txt

245	ZSDRA001_CADENA_AUTO.txt

246	ZMMRA031.txt

247	ZCOSZ004.txt

248	ZGLRZ003.txt

249	ZSDRO019.txt

250	ZMMRB011.txt

251	ZSD_AR_ORDCON_OP.txt

252	ZARRB032.txt

253	ZARRP001.txt

254	ZARRB036E.txt

255	ZPPRO007.txt

256	ZSDSO002.txt

257	ZSAFB015.txt

258	ZMDM_CUSTOMER_MASS_UPDATE.txt

259	ZPPRO008.txt

260	ZSDSO0012.txt

261	ZTRRA011.txt

262	ZFI_AR_PDF_TRANSFER.txt

263	ZZJ_1AF016.txt

264	ZMMRZ022.txt

265	ZRFITEMAR.txt

266	ZARPZ003.txt

267	ZFI_CH_RECHAZADOS_01.txt

268	ZMMRB140.txt

269	ZJ_1BLB01_CROP_620.txt

270	ZCOSB100.txt

271	ZWFR002.txt

272	ZJ_1AF026_2.txt

273	ZARSA016.txt

274	ZCOE001.txt

275	ZCO_GPC_INVENTRY_EXTRACT.txt

276	ZGLRA004N.txt

277	ZSDRA113.txt

278	Z_CC_CHANGE_REPORT.txt

279	ZMMRZ001.txt

280	ZARSB088.txt

281	ZAPRA011.txt

282	ZARRB019.txt

283	ZAPRZ002.txt

284	ZGLRO002.txt

285	Z_IDOC_MONITORING_4PL.txt

286	ZARRB036B.txt

287	ZMMRB055.txt

288	ZJ_1AF007_01.txt

289	ZSD_DELIV_SHPMNT_INFO.txt

290	ZABAP_LSAP_VBUK.txt

291	ZFI_AR_PADRON_SANTAFE.txt

292	ZGLRO010.txt

293	ZMMRB128.txt

294	ZSD_REINVOICING.txt

295	ZGLRO009.txt

296	ZMMRA030.txt

297	ZCORP002.txt

298	ZPPRB040.txt

299	ZSD_AR_APROV_MIXPROD.txt

300	ZAPRO002.txt

301	ZSDRA036_02.txt

302	ZMMRA014.txt

303	ZMMRB159.txt

304	ZARRB020.txt

305	ZSAFB016.txt

306	ZGLSB150.txt

307	ZSDRA068.txt

308	ZARSA015.txt

309	ZARSB079.txt

310	ZMMRB024.txt

311	ZFIRG017.txt

312	ZTRRA001.txt

313	ZFIRA010N.txt

314	ZSDRB279.txt

315	ZAPSP002.txt

316	ZGLSC015.txt

317	ZSDRA117.txt

318	ZARRB090.txt

319	ZFI_XX_FIREAPPS_GL.txt

320	ZPCRB100.txt

321	ZMVENDPF.txt

322	ZSPSYNPREAL.txt

323	ZSD_CO_EINV_REPORT.txt

324	ZFI_XX_REGUH.txt

325	ZMMRB113.txt

326	ZCORZ005.txt

327	ZABAP_GL_ACCT_LSAP1.txt

328	ZABAP_LSAP_KNVK.txt

329	ZSDRC010.txt

330	ZFI_CONSOLIDATE_FILES.txt

331	ZFIRZ006.txt

332	ZAGRB800.txt

333	ZARRZ003.txt

334	ZGLRC014A.txt

335	ZSDRO017.txt

336	ZABAP_LSAP_ADR4.txt

337	ZSDRC009.txt

338	ZARSB016.txt

339	ZSDRA061.txt

340	ZJ_1AF007_01_PY.txt

341	ZSD_XX_CROPS_HUB_REPORT.txt

342	ZMMRB086.txt

343	ZSD_APLIC_FACTURA_01.txt

344	ZGLSB141.txt

345	ZPPRB007.txt

346	ZSDRB280.txt

347	ZARRB036J.txt

348	ZMMRB167.txt

349	ZAPRZ001.txt

350	ZSPSB500.txt

351	ZSDRB086.txt

352	ZFI_XX_TE_VENDOR_MASTER_2EP.txt

353	ZMMRB015.txt

354	ZSDSB_MAX_LIST_PRICE.txt

355	ZJ_1AF016_A.txt

356	ZFI_AR_COMPENSA_PAS_W2.txt

357	ZSDRC169.txt

358	ZABAP_LSAP_KNB1EXT.txt

359	ZRFWTCT10.txt

360	ZMM_SENASA_REPORT.txt

361	ZMMSB059.txt

362	ZCORB005.txt

363	ZMMRB119.txt

364	ZARRB044.txt

365	ZZZRO001.txt

366	ZMMRA013.txt

367	ZARRB034.txt

368	ZSAFB025.txt

369	ZGLRA026_01.txt

370	ZSDRA111.txt

371	ZRFIDYYW.txt

372	ZPPRO001.txt

373	ZMM_ARBA_SES_EXPORT.txt

374	ZMDM_LSAP_FND_MAP.txt

375	ZFIRP002.txt

376	ZGLRB001.txt

377	ZM000250.txt

378	ZMM_REL_BLOCKED_INVOICES_01.txt

379	ZFI_CRESCERE_COCKPIT_OUTBOUND.txt

380	ZFI_AR_COMPENSA_PAS.txt

381	ZSDRA069.txt

382	ZSDRA085.txt

383	ZSDRB255.txt

384	ZARSA008.txt

385	ZFI_ZSDRA038.txt

386	ZGLRO008.txt

387	ZFI_AR_PAYMENT_ADVICE.txt

388	ZJ_1AF018_A.txt

389	Z_SAPMF02C.txt

390	ZABAP_LSAP_ADR12.txt

391	ZARRA011.txt

392	ZSDRA060.txt

393	ZSD_GT_EINV_REPORT.txt

394	ZGLRA036.txt

395	ZGLSC001.txt

396	ZSDRE_0001.txt

397	ZSDRC017_KPI_PED_BLOQUEADOS.txt

398	ZCORP001.txt

399	ZMMRB007.txt

400	ZMMSP002.txt

401	Z_AR_MM_PO_CONDITION.txt

402	ZSD_UY_INVOICE_CANCEL.txt

403	ZFI_XX_TE_STATUS_REPORT.txt

404	ZGAR_LIST2.txt

405	ZSDRB113.txt

406	ZAPRO003.txt

407	ZFI_XX_JVUPLOAD_POST.txt

408	ZPPRB033.txt

409	ZMM_TPFINAL_UPDATE.txt

410	ZMM_ARBA_MASTER_DATA_ARCHIVAL.txt

411	ZMMRB129.txt

412	ZPP_BOM_UPDDWD.txt

413	ZSDRB223.txt

414	ZFI_PMT_PSL.txt

415	ZSD_XX_STOCK_CONFIRMATION.txt

416	ZGLRO011.txt

417	ZABAP_LSAP_ADRC.txt

418	ZFI_TAXES_CUSTOMERS_ZISCCARN.txt

419	ZABAP_CC_LSAP.txt

420	ZMLSZ003.txt

421	ZARRZ002.txt

422	ZINFST03.txt

423	ZSIFERE_NVO.txt

424	ZABAP_LSAP_ADR5.txt

425	ZMM_PIR_UPDATE.txt

426	ZSD_AR_CAECHECK.txt

427	ZSDRA132.txt

428	ZARRB012.txt

429	ZPPRB001.txt

430	ZMMRB008.txt

431	ZMMRG018.txt

432	ZSAFB024.txt

433	ZSDRB183.txt

434	ZARSB015.txt

435	ZFIRET_RG1784.txt

436	ZSDRZ006.txt

437	ZSDRB288.txt

438	ZFI_XX_CR_CH_ROLE.txt

439	ZFIRG009.txt

440	ZFICARBA.txt

441	ZMMSR006.txt

442	ZFIRDIAC_13.txt

443	ZSPRB110.txt

444	ZCORZ004.txt

445	ZSDRA058.txt

446	ZSD_XX_PRICE_CHANGE_LOG_REPORT.txt

447	ZRVKRED04.txt

448	ZABAP_LSAP_VBPA.txt

449	ZGAR_LIST5.txt

450	ZSDRA066.txt

451	ZSAFB018.txt

452	ZFI_COMPENSA_PAS.txt

453	ZSD_AR_SUBMIT_EXTEND_MATNR.txt

454	ZPPRB006.txt

455	ZSDRB005.txt

456	ZJ_1AF205_SIMPL.txt

457	ZEQUI_SAPIENS.txt

458	ZPPRB057.txt

459	ZSDRA031.txt

460	ZSDRB188.txt

461	Z_RFITEMAR.txt

462	ZARSB090.txt

463	ZSDRB277.txt

464	ZPPRB014.txt

465	ZFI_AR_TAXINFO_TUCUMAN.txt

466	ZARRB036K.txt

467	ZAPO_VENDOR_SEL_AUTO.txt

468	ZMMSP003.txt

469	ZFI_UNHEDGED_FX_IMPACT.txt

470	ZFIRG003.txt

471	ZBA_LOAD_MONITOR.txt

472	ZSDRA086.txt

473	ZSDRB505.txt

474	ZMMRB022.txt

475	Z_SCANNER.txt

476	ZSDRA038.txt

477	ZGLRA003_UPLOAD.txt

478	ZAPRA020.txt

479	ZSD_CONSIGNMENT_FLOW.txt

480	ZMLRZ004.txt

481	ZFI_CRESCERE_COCKPIT.txt

482	ZGLRO007.txt

483	ZAPRA016.txt

484	ZFI_CRESCERE_COCKPIT_INBOUND.txt

485	ZFIRA013N.txt

486	ZFI_AR_COMPENSA_PAS_NEW.txt

487	ZGLSC002.txt

488	ZABAP_LSAP_ADR2.txt

489	ZSD_AR_JUJUY_FILE_UPLD.txt

490	ZSDRC011.txt

491	ZFI_CONTROL_NUM_OFICIAL.txt

492	ZGLRB050.txt

493	ZMMRP006.txt

494	ZJ_1BLB01_ALV.txt

495	ZSD_ORDER_CONVERSION.txt

496	ZMMRB130.txt

497	ZSDRB231.txt

498	ZTRRA002.txt

499	ZFI_PERCEPIVA.txt

500	ZARRB013.txt

501	ZARRB022.txt

502	ZMMIA006.txt

503	ZARSB085.txt

504	ZMMRB158.txt

505	ZREBATES_REPORT.txt

506	YDRRB002.txt

507	ZMM_XX_STOCK_STATUS_ACK.txt

508	ZSPRB110_B.txt

509	ZSDRA018.txt

510	ZCORZ005_B.txt

511	ZMMRB017.txt

512	ZPPRZ005.txt

513	ZRPFI022.txt

514	ZFI_XX_CHANGEREPORT.txt

515	ZCORZ003.txt

516	ZFI_AR_WHT_UPD.txt

517	ZBCRB004.txt

518	ZSDSB003.txt

519	ZARRA020.txt

520	ZARRC015.txt

521	ZPP_XX_WORKPLAN_DATA.txt

522	ZFICAPMZA.txt

523	ZMMRB002.txt

524	ZSAFB006.txt

525	ZTRRA023.txt

526	ZAPRB003.txt

527	ZMMPB003.txt

528	ZSDSB089.txt

529	ZMM_ARBA_SYNC_VENDOR_PROG.txt

530	ZSD_XX_SALESORDER_STATUS_REP.txt

531	ZRLS30010.txt

532	ZCOSZ008.txt

533	ZMLRC015.txt

534	ZAPRA015.txt

535	ZJ_1BLB02_SEEDS_ANTES_CFOP.txt

536	YDRR0001.txt

537	ZTRRA015.txt

538	ZABAP_CDPOS_LSAP.txt

539	ZFIRDIGE_13.txt

540	ZARSB012.txt

541	Z_XX_LEGNUMB_01.txt

542	ZGAR_LIST4.txt

543	ZMMRB102.txt

544	ZGLSO004.txt

545	ZGLRC005.txt

546	ZARSA012.txt

547	ZFI_AR_OPEN_ITEMS.txt

548	ZABAP_LSAP_KNBW.txt

549	ZFI_UNIX_TO_PC.txt

550	ZSD_SALES_CONDITION.txt

551	ZABAP_LSAP_ADR3.txt

552	ZSDRC009_AUX.txt

553	ZSDRA073.txt

554	ZFI_XX_UPLOAD_SPLPOST.txt

555	ZPPRB015.txt

556	ZSDRA106_REP.txt

557	ZGLRY006.txt

558	ZFI_XX_REVERSE_PAY_RUN.txt

559	ZMMRB023.txt

560	ZSDRA067.txt

561	ZRPFI024.txt

562	ZFIRDIIV_05.txt

563	ZSDRC019_KPI_PED_PENDIENTES.txt

564	ZGLSC003.txt

565	ZSDRA088.txt

566	ZSDRB168.txt

567	ZFI_XX_TE_CC_IO_2EP.txt

568	ZSDRA045.txt

569	ZMMRB016.txt

570	ZIM_BR_IONF.txt

571	ZFI_COCKPIT_SAT.txt

572	ZSDRB010.txt

573	ZFI_RMMVRZ00.txt

574	ZMMRB059.txt

575	ZRPFI023.txt

576	Z_EXCEP_CHANGE_REPORT.txt

577	ZSDRC018_KPI_LEADTIME_PED.txt

578	ZBISB105.txt

579	ZARRB021.txt

580	ZMDM_XX_DATA_CLEANSED_UPLOAD.txt

581	ZFI_XX_DATAEXTR_FIM.txt

582	ZMMRB001.txt

583	ZSD_XX_SALESORD_BUILD3.txt

584	ZSDRA094.txt

585	ZGLSC018.txt

586	ZSDRB110.txt

587	ZPP_XX_UPDATE_TABLES.txt

588	ZSPRZ001.txt

589	ZABAP_LSAP_AUSP.txt

590	ZSDRO014.txt

591	ZCORO001.txt

592	ZMMRZ027.txt

593	ZSDRA097_ESTADOPEDIDOS.txt

594	ZSDRA130.txt

595	ZABAP_LSAP_KNVA.txt

596	ZSAFB011.txt

597	ZPLANNEDORDERS.txt

598	ZARRB036I.txt

599	ZMM_GOODS_RECEIPT_SPEND.txt

600	ZFI_X04_CLEAR_CLS.txt

601	ZW49112001.txt

602	LZ_XX_DOWNLOAD_USING_OLEU01.txt

603	ZSD_SALES_CONDITION_F01.txt

604	LZBCZ_FTPCOMU05.txt

605	LZUSRU01.txt

606	ZTICKET.txt

607	ZGLRY009_FORM.txt

608	ZMMIB012.txt

609	LZBCZ_FTPCOMU07.txt

610	ZPPSB020.txt

611	ZSDRB082.txt

612	ZSDSB802.txt

613	ZSDSS130.txt

614	LZZZZ_PARAMU01.txt

615	ZZJ_1AF012.txt

616	ZZFIIMMA2.txt

617	Z_KPMG_KAAP_COCKPIT_DOWNLOAD.txt

618	ZFI_XX_JVUPLOAD_POST_PBO_V2.txt

619	ZFI_XX_JVUPLOAD_POST_F01_V2.txt

620	ZFI_XX_UPLOAD_SPLPOST_F01.txt

621	Z_TCODE_MAP_F01.txt

622	ZPP_MASTER_RECIPE_F01.txt

623	ZSPSB999.txt

624	ZPPRZ009.txt

625	ZSDSB256.txt

626	ZSPSB510.txt

627	Z_AR_FI_ARSA017.txt

628	ZSPSB501.txt

629	ZMMRB060.txt

630	ZSD_XX_SALESORD_BUILD2_F01.txt

631	ZSD_XX_SALESORD_BUILD2_MODULES.txt

632	ZSDSZ002.txt

633	ZGLRO024.txt

634	ZCOSB015.txt

635	ZMMRB145.txt

636	ZSDSB054.txt

637	ZMDM_XX_WF_DURATION_F01.txt

638	Z_XX_NUMBER_RANGE_MONITOR.txt

639	Z_XX_LEAVERS_DATA_F01.txt

640	ZSDRC020_FORMS.txt

641	ZSDRO013_OLD.txt

642	ZSDSB222.txt

643	ZSDRA022_FORM.txt

644	ZSDRA057_FORM.txt

645	ZSDSA007_CALLTX.txt

646	ZMMSO014.txt

647	ZSDSB247_PEDSYN.txt

648	Z_CL_ALV_TABLE_CREATE=========CM001.txt

649	ZSDRV001_RVADIN01.txt

650	ZSDRB_VERIF_FATURAS.txt

651	Z_SD_ORDER_DEVIATION2.txt

652	ZSDSB183.txt

653	ZGLSB143.txt

654	ZGLSB977.txt

655	ZMMRB140_F01.txt

656	Z_SD_ORDER_DEVIATION_F01.txt

657	ZCOSB002.txt

658	LZARB_GF_NUTRADEU01.txt

659	ZSDSB211.txt

660	ZSDRB237.txt

661	ZYBGR074.txt

662	ZSDRS030.txt

663	ZMMRB035_OLD.txt

664	ZSDSS121.txt

665	ZSDRB088.txt

666	ZSDSS115.txt

667	ZFI_AR_FBL5N_C02.txt

668	ZFI_AR_FBL5N_I01.txt

669	ZFI_AR_FBL5N_O01.txt

670	ZSD_XX_RSNAST00_4PL_CL1.txt

671	Z_XX_FI_UPDATE_APPR_C01.txt

672	ZMMZ_WFLIST.txt

673	ZSDSB245.txt

674	ZSDSO006.txt

675	ZPPSB008.txt

676	Z_GT_SD_PRODUCTS_CATALOGUE_F01.txt

677	ZSI620SP01_RBE_OLDVERSION.txt

678	ZTR_XX_WEEKLY_REPORT_F01.txt

679	ZW11584001.txt

680	LZUSRU19.txt

681	ZSDSB392.txt

682	ZSDB_PS_CARREGA_REBATES.txt

683	ZSPRB100.txt

684	ZSDRB200.txt

685	ZZZPB001.txt

686	ZSDSB100B.txt

687	ZPPRB019.txt

688	ZPPRB017.txt

689	ZPPRB012.txt

690	ZYBGR051.txt

691	ZSDSB007.txt

692	ZSDRB197.txt

693	ZSDSB125.txt

694	ZSDSBCOFINS.txt

695	ZFIRC005_STATUS_0100O01.txt

696	ZSDRS050.txt

697	ZGAR_ADM_PBO.txt

698	ZGAR_ADM_PAI.txt

699	ZMMRB111.txt

700	ZMM_PO_TRACKING_C01.txt

701	ZPPBR_CHECK_MATERIAL.txt

702	LZ_PPB_FOLHA_BATELADAU01.txt

703	ZSDSB220.txt

704	ZPPRB056.txt

705	ZTESTE_ZPPB066.txt

706	ZCO_BR_GPC_SALES_EXTRACT_F01.txt

707	ZCO_XX_GPC_SALES_EXTRACT_F01.txt

708	ZPP_PRODVERSION_F01.txt

709	ZFI_ICM_DOWNLOAD_F01.txt

710	ZSMASH_EXTRACT60_V359.txt

711	ZMM_TPFINAL_UPDATE_F02.txt

712	ZFI_XX_MAINTAIN_APPR_F01.txt

713	ZFI_XX_MAINTAIN_APPR_V01.txt

714	ZFI_XX_MAINTAIN_APPR_I01.txt

715	ZMM_PO_DETAILS_CL1.txt

716	ZMM_XX_STOCK_RECON_CL1.txt

717	ZSDRA104_RE_CHEQUEO_FORMS.txt

718	ZISA_XX_FFID_F01.txt

719	ZSAF12I1.txt

720	ZMMRA033_PBO.txt

721	ZSDRA060_BAK_FORMS.txt

722	ZQGSB013.txt

723	ZSDRS024.txt

724	LZZEXFIU02.txt

725	ZCVSB300B.txt

726	ZSFIPB001.txt

727	ZSPSB121.txt

728	ZGLIO008.txt

729	ZSDRBPND.txt

730	ZW00512001.txt

731	ZSAF4I01.txt

732	ZFIRS050.txt

733	ZMMRB154.txt

734	ZMMRB103.txt

735	ZARSB004.txt

736	ZFISS078.txt

737	ZMMRB014.txt

738	ZMMRB155.txt

739	ZMMRB180.txt

740	ZSDRA087_CLS.txt

741	ZSDRA087_I01.txt

742	ZSDRA087_O01.txt

743	ZSDRA087_TOP.txt

744	ZSDRA087_F01.txt

745	ZSDRA087_F02.txt

746	ZSDRA118_F01.txt

747	ZSDRA117_FORMS.txt

748	ZTRA001_EVENTOS.txt

749	ZTRA001_FORMS.txt

750	ZGLRC015.txt

751	ZSDSB247_PRADO.txt

752	ZSDRB500_OLD.txt

753	ZGLRC014A1.txt

754	ZFI_C2_OPEN_AR_ITEMS_F01.txt

755	ZAGRB120.txt

756	ZMM_CR_PURCH_SERV_CONTR_F01.txt

757	ZCO_IM_BRL_F01.txt

758	ZSD_XX_PRICE_CHANGE_F01.txt

759	ZSD_XX_DISPLAY_TABLES_O01.txt

760	ZSD_XX_DISPLAY_TABLES_F01.txt

761	ZCO_XX_GPC_EXTRACTION_COST_F01.txt

762	ZML_VALUE_FLOW_ANALYZER.txt

763	ZFI_TX_CUST_ENTRE_RIOS_IMP_R.txt

764	ZFI_TX_CUST_ENTRE_RIOS_O01_R.txt

765	Z_IDOC_MONITORING_4PL_CL1.txt

766	ZCL_ZZA_ENVIO_MAIL============CM001.txt

767	ZSDRA118_F02.txt

768	ZMMRC013C.txt

769	ZSDRA001_CADENA_AUTO_V2.txt

770	ZMMSA012.txt

771	ZTRRA002_BACK.txt

772	ZSDSS141.txt

773	ZZMRB001.txt

774	ZMMRB030.txt

775	ZSDRA080_FORMS.txt

776	ZVIMCOPYSAPUSER_F01.txt

777	ZSDRA093_FORMS.txt

778	ZFI_CRESCERE_COCKPIT_ALLOC_INP.txt

779	ZFI_CRESCERE_COCKPIT_ALLOC_IMP.txt

780	ZFI_CRESCERE_COCKPIT_ALLOC_OUT.txt

781	ZFI_CRESCERE_COCKPIT_IMP.txt

782	ZFI_CRESCERE_COCKPIT_OUTB_IMP.txt

783	ZFI_XX_CC_IO_APPROVER_F01.txt

784	ZSDB_RESOL_FCI_OUT.txt

785	ZFI_XX_JOURNAL_ENTRY_F01.txt

786	ZSDRO008_RVADIN01.txt

787	ZGY_TESAKA_UPLOAD.txt

788	ZSDSS057.txt

789	ZSDSS122.txt

790	ZSDRB108.txt

791	ZSDSB026A.txt

792	ZFIIDI0F_06.txt

793	ZFIIDI0F.txt

794	ZFIIDI0F_05.txt

795	ZFIIDI0F_13A.txt

796	ZFI_XX_AS92_F01.txt

797	ZFIRDISH_13_FOR.txt

798	ZMMZ_RSWUWFML2.txt

799	ZSDRB349.txt

800	ZPPRB013_OLD.txt

801	ZSDSB391.txt

802	ZPPRB063.txt

803	ZFI_XX_PPV_SPLIT_F01.txt

804	ZFI_XX_PPV_SPLIT_PBO.txt

805	ZFI_XX_PPV_SPLIT_USD_F01.txt

806	ZGLRY008_FORM.txt

807	ZAPRA017_FORM.txt

808	ZGLRA036_FORM.txt

809	ZRPFI029_FORM.txt

810	ZFI_XX_PPV_SPLIT_USD_PBO.txt

811	ZZCORZ008.txt

812	ZGLRA020_01_PAI.txt

813	ZGLRA020_01_PBO.txt

814	ZGLRA020_01_FORMS.txt

815	ZGLRA020_01_COM_PBO.txt

816	ZSDRA068_VTAS_FORMS.txt

817	ZSDRA040_FORM.txt

818	ZGLRA020_PERFORM.txt

819	ZRPFI005.txt

820	ZSDRC015_FORMS.txt

821	ZMMRB021.txt

822	ZSDRBCALPRICE.txt

823	ZSDSS117.txt

824	ZSDRA105_SELSCRN.txt

825	ZSDRA105_FORMS.txt

826	ZMMSR017.txt

827	ZGLRB100_ZEN.txt

828	ZFI_AR_PAYMTRECPT_TRANSFER_F01.txt

829	ZFI_AR_PDF_TRANSFER_F01.txt

830	ZMMPB004.txt

831	ZFI_XX_FOREIGN_REVAL_FORM.txt

832	ZFISC009.txt

833	ZSDRB328.txt

834	ZFISB015.txt

835	ZCORB009_PRIMEIRO.txt

836	ZSPSB130.txt

837	ZPPRB036.txt

838	ZZJ1AFE_1361_FORMS.txt

839	ZSDSC003_PIVOTAL.txt

840	LZFI_PRINTU02.txt

841	ZJ_1AF018_B.txt

842	ZRVADIN01.txt

843	ZRVADIN01_PY.txt

844	ZBA_TR_EMERGENCY_F01.txt

845	ZBC_EXCEPTIONAL_TR_RELSD_F01.txt

846	ZNOTE_2318106.txt

847	ZMMRB093.txt

848	ZMM_PR_APPROVER_F01.txt

849	ZSDRP002.txt

850	ZSDRB283.txt

851	ZSPSB111.txt

852	ZSDSA008.txt

853	ZSDRA082.txt

854	ZSDRA085_FORMS.txt

855	ZRFKABL00_MDM.txt

856	ZGLSC017.txt

857	ZMMRB049.txt

858	ZSDSS116.txt

859	ZGLRA018_PERFORM.txt

860	ZSD_XX_4PL_DELIVERY_CHANGE_F01.txt

861	ZSD_XX_4PL_DELIVERY_CHANGE_CL1.txt

862	LZZZB_CONSTANTESU03.txt

863	ZSDRS052.txt

864	ZSDSB390.txt

865	ZSDSB313.txt

866	ZSDSB262.txt

867	LZBCZ_FTPCOMU11.txt

868	ZSDRB315.txt

869	ZMMSB104.txt

870	ZARRB056.txt

871	ZFI_VIM_CONFIRMATION_ORDER_O01.txt

872	ZFI_VIM_ENTER_PO.txt

873	ZZJ1AFE_RIO.txt

874	ZCL_IM_VIM_E1B_PO_INVOICE=====CM004.txt

875	ZTRRA003_PDF.txt

876	ZZ_RFSEPA03.txt

877	LZSDA_OTCU01.txt

878	ZSDRBCARGARM_QG.txt

879	ZSDZARM.txt

880	ZSDRBCARGARM02.txt

881	ZSAF30I1.txt

882	ZMMRA017_FORMS.txt

883	Z_ALV_TOP.txt

884	ZSDRC012_FORMS.txt

885	LZARB_SUBCLUSTERU01.txt

886	ZSDRG001.txt

887	ZFIRS040.txt

888	ZSD_MATERIAL_SUBSTITUTION_O01.txt

889	ZSD_MATERIAL_SUBSTITUTION_P01.txt

890	ZSD_XX_SALESTARGET_UPLOAD_CL1.txt

891	ZRPFI023_01.txt

892	ZSBAI001_48.txt

893	ZSPSZ001_1.txt

894	ZCOSB009.txt

895	ZAPRA018_FORM.txt

896	ZGLRO012.txt

897	ZGLSO014.txt

898	ZGLRO017.txt

899	ZSDRA081_FORMS.txt

900	ZSDRA083_FORMS.txt

901	ZSDSS026.txt

902	ZSDSB01.txt

903	ZSDSB301.txt

904	ZSEFGPD001.txt

905	ZMGLSRCE2.txt

906	ZTRSA002.txt

907	ZINF_DEV_OBJECTS_03_FRM.txt

908	ZINF_UPDATE_DELIN.txt

909	ZMMPB002_I001.txt

910	ZMMPB002_I003.txt

911	ZMMPB002_I002.txt

912	ZSD_AR_APROV_MIXPROD_CS_O01.txt

913	ZSD_AR_APROV_MIXPROD_CS_C02.txt

914	ZSD_AR_APROV_MIXPROD_CS_I01.txt

915	LZBCZ_FTPCOM2U01.txt

916	LZBCZ_FTPCOM2U02.txt

917	ZARSA018_TEMP.txt

918	ZSDRA077.txt

919	LZUSRU17.txt

920	LZZFIU15.txt

921	LZUSRU14.txt

922	ZSDSB060.txt

923	ZBISB510_CLASS.txt

924	ZFISS065.txt

925	ZFIRB001.txt

926	ZPCSB101.txt

927	ZCORZ012.txt

928	ZBISB540.txt

929	ZSDSB260.txt

930	ZSDRB272.txt

931	ZBISB520_CLASS.txt

932	ZSDRA112_2.txt

933	ZPPRZ010.txt

934	ZFIANEXO_DIF_CAMBIO_PERFORM.txt

935	ZGLRA025.txt

936	ZFI_AGING_PERFORM_NEW.txt

937	ZMDM_XX_WF_OPEN_F01.txt

938	ZMMRB101.txt

939	ZMMRB108.txt

940	ZFI_CRESCERE_COCKPIT_REPORTO01.txt

941	ZFI_CRESCERE_COCKPIT_REPORTI01.txt

942	ZFI_XX_LOGS_EMP_VMD_CL1.txt

943	ZMDM_XX_IDOC_FAILURE_REP_C01.txt

944	ZFI_AR_PRINT_EXRATE_DEBIT_F01.txt

945	Z_FI_BI_DOC_DC_SY.txt

946	ZFI_AR_PRINT_EXRATE_DEBNEW_F01.txt

947	ZRPFI003.txt

948	ZSD_ACC_CLEARANCE.txt

949	LZMMZ_DRBK_IAU01.txt

950	ZMMRB172.txt

951	ZMMSS025_FEFO.txt

952	ZPCRB101.txt

953	ZMMRB173.txt

954	ZSDRB140.txt

955	ZSDRBREMA.txt

956	ZSDSBPRADO.txt

957	ZREGIMEN.txt

958	ZRPFI024_FORM.txt

959	ZBISB500_I2.txt

960	LZSDB_TRADEU01.txt

961	LZSDZERAQTDU01.txt

962	ZBISB500_NEW.txt

963	ZBISB500_I2_NEW.txt

964	ZSDRB145A.txt

965	ZSDSC002_PIVOTAL.txt

966	ZCVSB500_SEM_LIQUIDACAO.txt

967	ZSDSB163.txt

968	ZSDRBXXX086.txt

969	ZCVSB520.txt

970	ZPPRB037.txt

971	ZBISB920.txt

972	ZBISB990.txt

973	ZSDSB248_ALT_ZPLI.txt

974	ZYBGR072.txt

975	ZMMRB176.txt

976	ZSDSB254.txt

977	ZZZRO003.txt

978	ZFI_AR_ZHCC_F01.txt

979	ZFI_AR_ZHCC_ALV.txt

980	ZPPRB008.txt

981	ZSDRB152.txt

982	ZPPRB022.txt

983	ZPY_1APACO01.txt

984	ZPY_1APACI01.txt

985	ZSDB_REBATES.txt

986	ZSDRB268.txt

987	ZVKPR002.txt

988	ZSDRB263.txt

989	LZWFA_FUNCU07.txt

990	LZWFA_FUNCU16.txt

991	ZSDRG013.txt

992	LZZSDU13.txt

993	ZSDRBPOS.txt

994	ZSDRB098.txt

995	ZSDRB021_OLD.txt

996	Z_ALV_FORMS.txt

997	ZSDRA054_FORMS.txt

998	ZSDRA110_FORMS.txt

999	LZMMZ_INTERCU03.txt

1000	ZXMBCF01.txt

1001	ZMMRZ014.txt

1002	ZMMSC007_REP.txt

1003	ZSDRB808.txt

1004	ZARRB009.txt

1005	ZMM_READ_TEXT_F01.txt

1006	Z_MDM_MRH2_DATA_EXTRACTION_F01.txt

1007	ZSD_PARTNER_DATA_F01.txt

1008	ZZCOSP001.txt

1009	ZSDRB012.txt

1010	ZSDRS028.txt

1011	ZINF_DEV_OBJECTS_06_OBJ.txt

1012	ZINF_DEV_OBJECTS_06_MOD.txt

1013	ZINF_DEV_OBJECTS_06_FRM.txt

1014	ZMMRA032_I01.txt

1015	ZSD_XX_ORDER_REPORT_F01.txt

1016	ZSDRC014_FORMS.txt

1017	ZSDRB183_VA.txt

1018	ZSDSB243.txt

1019	ZSDRB170.txt

1020	ZFIIDI0FA_13.txt

1021	ZZVOPOI00.txt

1022	ZFIRS032.txt

1023	ZGLRB150.txt

1024	ZSDRB176.txt

1025	ZSD_BILLNHOLD_REPORT_CL1.txt

1026	ZARIP001.txt

1027	LZADDRESS_INTO_PRINTFORMU01.txt

1028	ZARIB002.txt

1029	ZFI_AR_RFKORI80.txt

1030	ZFI_AR_RFKORD11.txt

1031	ZSD_UY_PROFORMA_INVOICE.txt

1032	ZSDRV004_RVADIN01.txt

1033	ZMMSS023.txt

1034	ZGLPC001.txt

1035	ZARIP002.txt

1036	ZRLVSDR40.txt

1037	ZGAR_LIST1_FORM.txt

1038	ZGAR_LIST5_FORM.txt

1039	ZFI_XX_FIREAPPS_ARAP_F01.txt

1040	ZFI_XX_FXDEALS_F01.txt

1041	ZSAFBI14.txt

1042	ZFI_AR_CUST_MASTER_DATA_F01.txt

1043	ZFI_AR_PAYMENT_ADVICE_F01.txt

1044	ZFI_AR_OPEN_ITEMS_F01.txt

1045	ZGLSB011.txt

1046	ZMM_XX_ARBA_VENDOR_UPDATE_CL1.txt

1047	LZFI_ITEMSU01.txt

1048	ZLFX001.txt

1049	ZMMRB034_OLD.txt

1050	ZSDRB145A_OLD.txt

1051	ZQMSS010.txt

1052	ZPPSZ007.txt

1053	ZSDSBS007.txt

1054	ZSDSS102.txt

1055	ZSD_FORECAST_IND_SALES_C02.txt

1056	ZSD_XX_STOCK_CONFIRMATION_CLC.txt

1057	ZMM_XX_CONVERT_MRP_TYPE_C01.txt

1058	ZFI_AR_CLEARED_ITEMS_F01.txt

1059	ZRFSBWA00.txt

1060	ZMDM_XX_IDOC_FAILURE_REP_O01.txt

1061	ZSD_XX_VL10X_REPORT_CL1.txt

1062	ZAPRA019_PBO.txt

1063	ZMDM_XX_WF_DURATION_TASK_F01.txt

1064	ZFI_XX_HEIRARCHYTABDISP_F01.txt

1065	ZFI_XX_HEIRARCHYTABDISP_STAO01.txt

1066	ZFI_XX_HEIRARCHYTABDISP_USEI01.txt

1067	ZARIA029_HIST_COMP_EXCEP_F.txt

1068	ZARIA029_EVENTOS.txt

1069	ZARIA029_COMP_PERFORM_NEW.txt

1070	ZARIA029_HIST_PERFORM.txt

1071	ZSDPB009.txt

1072	ZMMSB047.txt

1073	ZSDSB234.txt

1074	ZMMSB015.txt

1075	ZMMSB055.txt

1076	ZMMSB068.txt

1077	ZMMSB066.txt

1078	ZZZSA001.txt

1079	ZGLSC009.txt

1080	ZGLSC020.txt

1081	ZSDRB343.txt

1082	ZSDSS038.txt

1083	ZSDSC005.txt

1084	ZFIRB016.txt

1085	ZSDRB321.txt

1086	ZSDRB015.txt

1087	ZSDRB017_OLD.txt

1088	ZSDRB233.txt

1089	ZSDRB048.txt

1090	ZPPSB998.txt

1091	ZPPSC001.txt

1092	ZZJ_1BLB09.txt

1093	ZJ_1BLB02_SEEDS_NEW.txt

1094	ZZJ_1BLB02.txt

1095	ZYBGR063.txt

1096	ZSAFM005.txt

1097	ZYBGR075.txt

1098	ZYBGP000.txt

1099	ZMMRZ011.txt

1100	ZWMRB002.txt

1101	ZSDSB091.txt

1102	ZARRB006.txt

1103	ZSDRA001_MODULES.txt

1104	ZSDRA001_CLASS.txt

1105	LZCZZA_B2B_ORDEN_ENTRYU03.txt

1106	LZSDA_OTCU04.txt

1107	LZCZZA_B2B_ORDEN_ENTRYU11.txt

1108	LZSDA_LIBERAR_PEDIDOU01.txt

1109	ZSDRA004_DELEGACIONES.txt

1110	ZSDRA001_CADENA_AUTO_VER.txt

1111	ZSDRA001_CADENA_AUTO_ORIGINAL.txt

1112	ZSDSB153.txt

1113	ZMMSC002_PRON.txt

1114	ZMMSC010_PRON.txt

1115	ZWMRB003_F01.txt

1116	ZFISZ002.txt

1117	ZSDSO007.txt

1118	ZMMRB064.txt

1119	ZSDRB506.txt

1120	ZMMRBZ11.txt

1121	ZMMRB062B.txt

1122	ZSD_AR_ORDCON_OP_F01.txt

1123	ZSD_AR_ORDCON_OP_C01.txt

1124	ZSD_REINVOICING_F01.txt

1125	ZFISS061.txt

1126	ZFIRS039.txt

1127	LZZEXFIU06.txt

1128	ZRUTINASFORMULARIOS_PY.txt

1129	ZSDRZ005.txt

1130	ZSDSO002_PAI.txt

1131	ZSDSO005.txt

1132	ZSDSO004.txt

1133	ZSAFBI15.txt

1134	ZMDM_CUST_MASS_UPDA_CLC_IM.txt

1135	ZSD_XX_SALESORDER_STATUS_C01.txt

1136	ZSR_RETRIEV_SCRIPT_F01.txt

1137	ZSDSS129.txt

1138	ZSDSB298.txt

1139	ZRFITEM_INC.txt

1140	ZSD_MONI_GKO_F01.txt

1141	ZJ_1BLB01_SEEDS.txt

1142	ZMMSR015.txt

1143	ZJ_1BLB01_SEEDS_NEW.txt

1144	ZMLSZ001.txt

1145	ZSDRB345.txt

1146	ZYBGR025.txt

1147	ZZZRA001_FORMS.txt

1148	ZCOR002.txt

1149	ZYBGR077.txt

1150	ZCO_GPC_INVENTRY_F01.txt

1151	ZSD_BR_BAF01_F01.txt

1152	Z_SO_ROTT_BDC_F01.txt

1153	Z_XX_MASS_USER_UPDATE_TOOL_F01.txt

1154	ZSC_SET.txt

1155	ZGLRA004_PERFORM_N.txt

1156	LZCZZA_B2BU73.txt

1157	Z_CC_CHANGE_REPORT_F01.txt

1158	ZAPRA011_FORMS.txt

1159	ZSDSS013.txt

1160	ZSDSS080.txt

1161	ZSDRB160.txt

1162	ZZFIRMMA4.txt

1163	Z_IDOC_MONITORING_4PL_PAI.txt

1164	LZZEXFIU01.txt

1165	ZMMSB061.txt

1166	ZSD_DELIV_SHPMNT_INFO_TOP.txt

1167	ZSD_DELIV_SHPMNT_INFO_CL01.txt

1168	ZSD_DELIV_SHPMNT_INFO_I01.txt

1169	ZFI_AR_PADRON_SANTAFE_I01.txt

1170	ZFI_AR_PADRON_SANTAFE_F01.txt

1171	ZFI_AR_PADRON_SANTAFE_O01.txt

1172	ZGLIO005.txt

1173	ZGLRO014.txt

1174	ZMMSO010.txt

1175	ZGLSO003.txt

1176	ZMMRB128_F01.txt

1177	ZMMRB130_F01.txt

1178	ZSD_REINVOICING_O01.txt

1179	ZSD_REINVOICING_C01.txt

1180	ZSD_REINVOICING_I01.txt

1181	Z_AR_MM_PO_CONDITION_CL02.txt

1182	ZTRCONFLICT_REV3_C01.txt

1183	ZMMRA030_I01.txt

1184	ZMMRA030_C01.txt

1185	ZMMRA030_O01.txt

1186	ZSDIB105.txt

1187	ZHRBR002.txt

1188	LZCLAFU01.txt

1189	ZPPRB041.txt

1190	ZSD_AR_APROV_MIXPROD_I01.txt

1191	ZSD_AR_APROV_MIXPROD_C02.txt

1192	ZSD_AR_APROV_MIXPROD_O01.txt

1193	ZAPSB026.txt

1194	ZSDSB303.txt

1195	ZSD_BR_MAT_REPLACEMENT_F01.txt

1196	ZMMRB178.txt

1197	LZFIO_AGING_ALVU01.txt

1198	ZARSS003.txt

1199	ZARRB023.txt

1200	ZZZRO002.txt

1201	ZSAF16I1.txt

1202	ZCVRB100.txt

1203	ZSDRB216.txt

1204	ZMMSB101.txt

1205	ZGLSZ002.txt

1206	ZGLSB160.txt

1207	ZPPSO002.txt

1208	ZTRPC001.txt

1209	ZSDRA068_FORMS.txt

1210	ZSDRA068_SELSCREEN.txt

1211	ZSDSB302.txt

1212	ZARSB097.txt

1213	LZTRA_VALORESU02.txt

1214	ZCL_SDA_052APP================CM001.txt

1215	ZCL_BANELCO===================CM00Q.txt

1216	Z_ALV_TOPN.txt

1217	ZMMRA001_FORMS.txt

1218	ZAPSP002_PAI.txt

1219	ZAPSP002_CL_IMPLEMENTACAO.txt

1220	ZAPSP002_PBO.txt

1221	ZMMSB130F01.txt

1222	ZSHRSB001.txt

1223	ZSDRB122.txt

1224	ZSD_BR_BAF02_F01.txt

1225	ZGLSZ003.txt

1226	ZPCRB130.txt

1227	ZPCRB100_PRE.txt

1228	ZSDSB084.txt

1229	ZSD_XX_IDCP_ROUTINE.txt

1230	ZFI_XX_REGUH_F01.txt

1231	ZFI_XX_REGUH_O01.txt

1232	ZSDRB805.txt

1233	ZSDSB212.txt

1234	ZMMSZ014.txt

1235	ZFI_KO_JOURNAL_ENTRY_F01.txt

1236	ZMMSS066.txt

1237	ZFIRZ006PA.txt

1238	ZMMSB011.txt

1239	ZPP_XX_UPDATE_TABLES_F01.txt

1240	ZSDRC009_FORM.txt

1241	ZBCII010.txt

1242	LZZSDU22.txt

1243	ZFISZ004.txt

1244	ZFIRS038.txt

1245	ZMMSS031.txt

1246	ZFISS057.txt

1247	ZSD_XX_CROPS_HUB_REPORT_PBO.txt

1248	ZSD_XX_CROPS_HUB_REPORT_C01.txt

1249	ZSD_XX_CROPS_HUB_REPORT_F01.txt

1250	ZSD_XX_CROPS_HUB_REPORT_PAI.txt

1251	LZ_FI_HISTORIAL_FUNCU01.txt

1252	ZSD_APLIC_FACTURA_CON_SALDO_01.txt

1253	ZMMSB127.txt

1254	ZSDRB086_MTO.txt

1255	ZSDRB280_PAI.txt

1256	ZSDRB280_PBO.txt

1257	LZSDB_GARANTIASU01.txt

1258	LZZEXFIU14.txt

1259	LZMMZ_DRBK_IAU02.txt

1260	ZMMRB168.txt

1261	ZSPSB500_1.txt

1262	ZSDRB086_OLD.txt

1263	ZSDRB142A.txt

1264	ZSDSS105.txt

1265	ZSDRB187.txt

1266	ZSDRBACERTO.txt

1267	ZSDSB079.txt

1268	ZFI_XX_TE_VENDOR_MASTR_2EP_F01.txt

1269	ZVFTESTING_PRG.txt

1270	ZPP_XX_PO_CLOSING_F01.txt

1271	ZMMRB015_OLD.txt

1272	ZMMSB026.txt

1273	LZZSDU17.txt

1274	ZSDSB112.txt

1275	ZMM_SENASA_REPORT_F01.txt

1276	ZSD_CUSTOMER_MASTER_F01.txt

1277	ZZZIO002.txt

1278	LZUSRU16.txt

1279	ZMMRB139.txt

1280	ZSAFBI25.txt

1281	ZGLRA026_PERFORM_ANT.txt

1282	ZGLSP001.txt

1283	ZYBGR070.txt

1284	ZI_RFIDYYWT_I01.txt

1285	LZFIB_FQSRTOOLU01.txt

1286	ZGLRO013.txt

1287	ZFIIDI1F_13.txt

1288	LZPPZ_V01FU01.txt

1289	ZSDRB194X.txt

1290	ZMM_ARBA_SES_EXPORT_CLC.txt

1291	ZMDM_LSAP_FND_MAP_F01.txt

1292	ZSDREPOSITORIO_PROD_F01.txt

1293	ZPP_MASTERDATA_RESOURCE_F01.txt

1294	ZFIRP002_FORMS.txt

1295	ZM000250_F01.txt

1296	ZFI_AR_COMPENSA_PAS_TOP.txt

1297	ZFI_AR_COMPENSA_PAS_F01.txt

1298	ZFI_AR_COMPENSA_PAS_I01.txt

1299	ZFI_AR_COMPENSA_PAS_O01.txt

1300	ZFI_COMPENSA_PAS_F01.txt

1301	ZFI_AR_COMPENSA_PAS_NEW_F01.txt

1302	ZSDRA078.txt

1303	ZSDRC009_AUX_FORM2.txt

1304	ZSDSB291.txt

1305	ZARSA008_TOP.txt

1306	ZARSA008_FORMS.txt

1307	ZFI_ZSDRA038_F01.txt

1308	ZSDRA038_FORM.txt

1309	Z_MF02CFD0.txt

1310	Z_MF02CO00.txt

1311	ZMF02CFC0.txt

1312	Z_MF02CFK0.txt

1313	Z_MF02CI00.txt

1314	ZSDRA060_SELSCREEN.txt

1315	ZSDRA060_FORMS3.txt

1316	ZSDRA060_FORMS2.txt

1317	ZSDRA060_FORMS.txt

1318	ZSDRA120_FORMS.txt

1319	ZSD_GT_EINV_REPORT_OBJ.txt

1320	ZGLSC010.txt

1321	ZSDRC017_FORMS.txt

1322	ZSDRS040.txt

1323	ZPPSO003.txt

1324	ZSDSB257.txt

1325	ZSD_UY_INVOICE_CANCEL_ALV.txt

1326	ZFI_XX_TE_STATUS_REPORT_TOP.txt

1327	ZGAR_LIST2_FORM.txt

1328	ZSDRB146.txt

1329	ZSDSS139.txt

1330	ZFI_XX_JVUPLOAD_POST_F01.txt

1331	ZFI_XX_JVUPLOAD_POST_PBO.txt

1332	ZSPRB110_OLD.txt

1333	ZMM_TPFINAL_UPDATE_F01.txt

1334	ZMM_TPFINAL_UPDATE_C01.txt

1335	ZMM_TPFINAL_UPDATE_IO01.txt

1336	ZSDSB223.txt

1337	ZMMRB129_F01.txt

1338	ZPP_BOM_UPDDWD_TOP.txt

1339	ZPP_BOM_UPDDWD_F01.txt

1340	ZSD_XX_SALESORDER_STATUS_F02.txt

1341	ZFI_PMT_PSL_F01.txt

1342	ZSD_XX_STOCK_CONFIRMATION_I01.txt

1343	ZSD_XX_STOCK_CONFIRMATION_O01.txt

1344	ZSD_XX_4PL_DELIVERY_EMAIL_F01.txt

1345	ZMLSZ004.txt

1346	ZPCSB102.txt

1347	ZSPSB110.txt

1348	ZSDSB026.txt

1349	ZJ1AF117.txt

1350	ZMM_PIR_UPDATE_TOP.txt

1351	ZMM_PIR_UPDATE_F01.txt

1352	ZMM_XX_MODIFY_OPEN_PO_F01.txt

1353	Z_ZZ_TAXA_CAMBIO==============FT.txt

1354	ZSD_HUBORDER_UPDATE_F01.txt

1355	ZSD_AR_CAECHECKF01.txt

1356	ZSD_AR_CAECHECKM01.txt

1357	ZSDRA132_F01.txt

1358	ZSDSS047.txt

1359	ZPPRS002.txt

1360	ZSDRS025.txt

1361	ZSAFBI24.txt

1362	LZBCZ_FTPCOMU12.txt

1363	LZZSDINVOICEU01.txt

1364	ZSDRB208.txt

1365	ZSDSB226.txt

1366	ZFIRS034.txt

1367	ZRPFI021.txt

1368	ZFI_XX_CR_CH_ROLE_F01.txt

1369	ZFI_XX_CR_CH_ROLE_I01.txt

1370	ZFIRG010.txt

1371	ZSDRB250.txt

1372	ZSDRA066_O01.txt

1373	ZSDRA066_CLS.txt

1374	ZSDRA066_I01.txt

1375	ZSDRA066_F02.txt

1376	ZSDRA066_F01.txt

1377	ZSDRA066_TOP.txt

1378	ZSAF18AI.txt

1379	ZFI_COMPENSA_PAS_I01.txt

1380	ZFI_COMPENSA_PAS_TOP.txt

1381	ZFI_COMPENSA_PAS_O01.txt

1382	ZPPRB023.txt

1383	ZPPRB025.txt

1384	ZSDSB116.txt

1385	ZSDRB156A.txt

1386	ZJ_1AF205_SIMPL_OBTAIN_BARTF01.txt

1387	ZSDRG012.txt

1388	ZSDRA031_PERFORM.txt

1389	ZSDRA032_PERFORM_DIF.txt

1390	ZSDSB107.txt

1391	ZSDRB188_TOP.txt

1392	ZSDRB188_F01.txt

1393	ZSDRB188_PT_F01.txt

1394	ZSDRB242B.txt

1395	Z_RFITEM_INC.txt

1396	LZ_FI_ITEMS2U02.txt

1397	LZ_FI_ITEMS2U03.txt

1398	LZARB_GF_NUTRADEU11.txt

1399	ZMMRB185_PO_NF_NUTRADE_ARQUIVO.txt

1400	ZFI_PERU_LEGAL_BOOKS_F01.txt

1401	LZZEXFIU13.txt

1402	ZAPO_VENDOR_SEL_AUTO_C01.txt

1403	ZFI_UNHEDGED_FX_IMPACT_IMP.txt

1404	ZFI_UNHEDGED_FX_IMPACT_O01.txt

1405	ZBA_LOAD_MONITOR_F01.txt

1406	ZSDRA086_FORMS.txt

1407	ZSDRA092_FORMS.txt

1408	ZSDRB505_CL01.txt

1409	ZSDRB505_0100.txt

1410	ZSDRB505_F01.txt

1411	ZSDSB075.txt

1412	ZWCOI005.txt

1413	ZSDRB195.txt

1414	ZSD_CONSIGNMENT_FLOW_O01.txt

1415	ZSD_ORDER_CONVERSION_CL1.txt

1416	ZMLRZ005.txt

1417	ZSDRB220.txt

1418	ZFI_CRESCERE_COCKPIT_INB_IMP.txt

1419	ZFIRA013_FORMS_N.txt

1420	ZSDSY002.txt

1421	ZFI_AR_COMPENSA_PAS_NEW_TOP.txt

1422	ZFI_AR_COMPENSA_PAS_NEW_I01.txt

1423	ZFI_AR_COMPENSA_PAS_NEW_O01.txt

1424	ZSDRC011_FORMS.txt

1425	ZFI_CONTROL_PERFORM.txt

1426	ZSDRB501.txt

1427	ZJ_1BLB09_ALV.txt

1428	ZSD_ORDER_CONVERSION_I01.txt

1429	ZSD_ORDER_CONVERSION_O01.txt

1430	LZTRA_VALORESU13.txt

1431	LZTRA_VALORESU12.txt

1432	ZFI_PERCEPIVA_F01.txt

1433	ZYBGR053.txt

1434	ZPPRB018.txt

1435	ZBISB520.txt

1436	ZSDSS098.txt

1437	Z_GT_SD_E_DEBIT_NOTE_F01.txt

1438	YDRI0002.txt

1439	YDRI0013.txt

1440	YDRI0014.txt

1441	YDRI0004.txt

1442	YDRI0005.txt

1443	YDRI0016.txt

1444	YDRI0010.txt

1445	YDRI0011.txt

1446	YDRI0012.txt

1447	YDRI0006.txt

1448	YDRI0017.txt

1449	YDRI0007.txt

1450	YDRI0018.txt

1451	YDRI0008.txt

1452	ZSD_FWH_DELIVERY_CREATION_F01.txt

1453	ZMM_XX_STOCK_STATUS_ACK_CL1.txt

1454	ZFI_XX_CHANGEREPORT_F01.txt

1455	ZFI_XX_CHANGEREPORT_STATUS_O01.txt

1456	ZMMSC008_PIVOTAL.txt

1457	ZPPRO005.txt

1458	ZFI_AR_WHT_UPD_F01.txt

1459	ZFI_AR_WHT_UPD_CLC.txt

1460	ZFI_WHT_VENDOR_UPD_C01.txt

1461	ZFI_WHT_INVOICE_UPD_C01.txt

1462	ZFI_XX_VIM_EXCEP_UPDATE_C01.txt

1463	ZBCRB004_OLD.txt

1464	ZSDRS049.txt

1465	ZYBGR022.txt

1466	ZPP_XX_WORKPLAN_DATA_CL1.txt

1467	ZSAF6I01.txt

1468	ZTRRA023_FORMS.txt

1469	ZTRRA023_SOS.txt

1470	ZTRRA023_PAR.txt

1471	LZUSRU27.txt

1472	ZGLRB003.txt

1473	ZYBGR059.txt

1474	ZMM_ARBA_SYNC_VENDOR_PROG_CL1.txt

1475	ZSDRO005_RLVSDR40.txt

1476	ZCOSZ009.txt

1477	ZMMSB125_F01.txt

1478	ZYBGI060.txt

1479	LZDIMMEDU13.txt

1480	ZSICONS.txt

1481	LZARB_SB_SEGURO_CREDITOU01.txt

1482	ZFIRS036.txt

1483	ZFIRS033.txt

1484	ZFIRS049.txt

1485	Z_XX_LEGNUMBE_01_F01.txt

1486	ZGAR_LIST4_FORM.txt

1487	ZMMRB109.txt

1488	ZSDSB800.txt

1489	ZSPSB960.txt

1490	ZARSA012_FORMS.txt

1491	ZSD_XX_TABLE_F01.txt

1492	ZXM06F06.txt

1493	ZSDRC009_AUX_FORM3.txt

1494	ZSDRA073_SELSCRN.txt

1495	ZSDRA073_FORMS.txt

1496	ZFI_XX_UPLOAD_SPLPOST_PBO.txt

1497	ZPPRB015B.txt

1498	ZSD_XX_MASS_PRICE_UPDATE_F01.txt

1499	ZFIIDI2F_05.txt

1500	ZFIIDI2F_13.txt

1501	ZSDRC019_FORMS.txt

1502	ZGLSC004.txt

1503	ZFI_XX_TE_CC_IO_2EP_F01.txt

1504	ZJ_1BLFDI_OUTPUT.txt

1505	ZSDRA045_FORMS.txt

1506	ZSDRA045_SELSCREEN.txt

1507	ZMMRB016B.txt

1508	ZSDRB136.txt

1509	ZSDRB241.txt

1510	ZYBGR036.txt

1511	ZSDRB047.txt

1512	ZIM_BR_IONF_F01.txt

1513	ZFI_RFBILA00.txt

1514	ZSDSB073_AJUSTA.txt

1515	ZSDRC018_FORMS.txt

1516	LZGR_ZZU01.txt

1517	ZARRB064.txt

1518	ZCORZ011.txt

1519	ZSDSB312.txt

1520	ZMDM_XX_DATA_CLEANSED_F01.txt

1521	ZMDM_XX_DATA_EXTRACTION_F01.txt

1522	ZFI_XX_DATAEXTRTF01.txt

1523	ZSDRA094_FORM.txt

1524	ZSDRG004.txt

1525	LZZSDU07.txt

1526	ZFIRZ003.txt

1527	ZSDSB172.txt

1528	ZMMSO005.txt

1529	ZSD_PT_INVOICE_SUB.txt

1530	ZSAF11I1.txt

1531	ZPLANNEDORDERS_PREPARE_DATAF01.txt

1532	LZZEXFIU15.txt

1533	ZARRB036G.txt

1534	ZMM_GOODS_RECEIPT_SPEND_CL1.txt

1535	LZBCZ_FTPCOMU03.txt

1536	ZQMRS001.txt

1537	ZSDRA030_PERFORM.txt

1538	ZSDRA090_AN_EVALU.txt

1539	Z_TR_NOT_IN_PROD_F01.txt

1540	ZSD_XX_ORDER_CANCELLATION_C01.txt

1541	ZSD_PRE_STOCK_UPLOAD_F01.txt

1542	ZMMSBS02.txt

1543	ZSDSB040.txt

1544	ZMMRB121.txt

1545	ZSDRB297.txt

1546	ZSPSZ001.txt

1547	LZSDA_ZCARGA_PEDIDO_PIVO_BIU01.txt

1548	ZPPSB035.txt

1549	LZFMSD_XX_LVC_TABLE_CREATEU01.txt

1550	ZRVADOPFOA.txt

1551	ZMMSB126.txt

1552	ZPPRB028.txt

1553	ZSDRB247.txt

1554	ZFISB013.txt

1555	ZSDSB259.txt

1556	ZSDRB237_OLD.txt

1557	ZSDRB199.txt

1558	LZUSRF01.txt

1559	LZSDB_PEDSYNU06.txt

1560	ZSDB_REPOSITORIO_METODOS.txt

1561	ZSDB_REPOSITORIO_OBJETOS_CALC.txt

1562	ZSDB_REPOSITORIO_OBJETOS_007.txt

1563	ZYBGM027.txt

1564	ZSDSB073_BACK.txt

1565	ZSDSB241.txt

1566	ZSDSB118.txt

1567	ZSDSB117.txt

1568	ZSDSS071.txt

1569	ZSDSS055.txt

1570	ZSAFE056.txt

1571	ZSD_COFFEE_PRICE_MASS_F01.txt

1572	ZFI_XX_MAINTAIN_MAST_F01.txt

1573	ZSD_XX_DELIV_CHANGE_ZWH1_CL1.txt

1574	ZSD_CA_ORDER_FEEDBACK_C01.txt

1575	LZCZZA_B2B_ORDEN_ENTRYU02.txt

1576	ZTRCONFLICT_REV2.txt

1577	ZSDRB285.txt

1578	Z_ZSDBR110_TREE_F01.txt

1579	LZZEXFI_SEEDSF01.txt

1580	LZZEXFIU18.txt

1581	LZZEXFIU19.txt

1582	LZMMB_WF_TEXTU01.txt

1583	ZARSB004_OLD.txt

1584	ZARSS001.txt

1585	ZARSB083.txt

1586	ZSDRB333.txt

1587	ZFISS080.txt

1588	ZFISS079.txt

1589	ZMMRB014_OLD.txt

1590	ZSDRA118_I01.txt

1591	ZSDRA065.txt

1592	ZSDSB130.txt

1593	ZSDSB154.txt

1594	ZSDV03V02.txt

1595	ZFI_OPEN_AP_ITEMS_F01.txt

1596	ZSD_ES_INVOICE_01.txt

1597	ZSDPB007.txt

1598	LZZFIU09.txt

1599	ZLASB040.txt

1600	ZSDRB079.txt

1601	ZSDPB008.txt

1602	ZFI_BR_DACON_F01.txt

1603	ZSD_XX_UPD_DEL_FROM_FILE_CL1.txt

1604	ZSDRA001_V2_MODULES.txt

1605	ZSDRA001_V2_CLASS.txt

1606	LZMMA_0002U01.txt

1607	ZMMSA013_F01.txt

1608	ZLFR012.txt

1609	ZSDRU001_RVADIN01.txt

1610	ZSDRO009_RVADIN01.txt

1611	ZSDSS124.txt

1612	ZSDSB105_OLD.txt

1613	ZSDRB143.txt

1614	ZSDSB035.txt

1615	ZSDSB239.txt

1616	ZSDSB258.txt

1617	ZSYRDOWN_0002.txt

1618	LZCZZA_B2B_ORDEN_ENTRYU07.txt

1619	LZPPAU01.txt

1620	ZMMSS060.txt

1621	LZUSRU10.txt

1622	ZMMSC003_PRON.txt

1623	ZSDSC005_PIVOTAL.txt

1624	ZRUTINASFORMULARIOS2_VE.txt

1625	LZSDA_1361U01.txt

1626	ZRVADOPFO.txt

1627	LZZZA_HORAS_LABU04.txt

1628	ZSDRO011_RVADOR01.txt

1629	ZSDRG005_INVOICE.txt

1630	ZSDRY002.txt

1631	ZRVADIN01_BIS.txt

1632	ZRVADOPFO_PY.txt

1633	ZPPIOZFSP.txt

1634	ZSDSB073B.txt

1635	ZRFXABL00.txt

1636	ZGLRA019_PERFORM.txt

1637	ZSDSB263.txt

1638	ZSBAI000_48.txt

1639	ZGLSO015.txt

1640	ZMMSB135.txt

1641	ZMMSC011.txt

1642	LZSDA_B2B_2U10.txt

1643	ZSDSB062_TST.txt

1644	LZZSDINVOICEU02.txt

1645	ZSDSB011.txt

1646	ZSDRB500_CONT_OLD.txt

1647	ZFI_HIST_COMP_EXCEP_F.txt

1648	ZSD_ACC_CLEARANCE_C01.txt

1649	ZMMSS025_FEFO_F4_BCLASSF01.txt

1650	ZSDRB278.txt

1651	ZCVSB510.txt

1652	ZSDSB043_CUL_1.txt

1653	LZUSRU29.txt

1654	LZUSRU25.txt

1655	ZCVSB100.txt

1656	ZSDRB312.txt

1657	ZSDRB227.txt

1658	ZCVSB613.txt

1659	ZCVSB530.txt

1660	Z_RV64A628_CV.txt

1661	ZRV64A619_CV.txt

1662	ZSDRB209.txt

1663	ZFISB001.txt

1664	ZPPSB014.txt

1665	ZPPSB011.txt

1666	ZSDRB270.txt

1667	ZSDRB347.txt

1668	ZSDSB274.txt

1669	ZFI_XX_DB_IN_GET_FILESF01.txt

1670	ZPPRB010.txt

1671	ZSDSS099.txt

1672	ZSDRB196.txt

1673	ZSDRB207.txt

1674	ZSDSB113.txt

1675	ZSDRB189.txt

1676	LZSDB_PEDSYNU10.txt

1677	ZSDRB105.txt

1678	ZSDSB244.txt

1679	ZRVKPRFN0.txt

1680	ZRVKREDSC.txt

1681	ZRVKPRFZ0.txt

1682	ZRVKREDOC.txt

1683	ZRVKPRFO0.txt

1684	ZRVKREDPC.txt

1685	ZRVKREDVC.txt

1686	ZPR002A00.txt

1687	LZWFA_FUNCF01.txt

1688	LZCZZA_B2B_ORDEN_ENTRYU01.txt

1689	ZSDSB042_T.txt

1690	ZSDRB097.txt

1691	LZSDA_CERT_DEPU02.txt

1692	LZSDA_CERT_DEPU04.txt

1693	ZMMSO011.txt

1694	ZSDRB099.txt

1695	ZZCOSP002.txt

1696	ZSDSS093B.txt

1697	ZSDSS132.txt

1698	ZSDSS113.txt

1699	ZSDSS092B.txt

1700	ZMMIB006.txt

1701	ZFI_AR_RFKORI16.txt

1702	ZGLIC001.txt

1703	ZSDIB003.txt

1704	ZRLVSDFOR.txt

1705	LZWM_ETIQUETA3U02.txt

1706	ZSDRB509.txt

1707	LZ_FI_ITEMSF01.txt

1708	ZARIC_ZFC04F01.txt

1709	LZFI_ITEMSF01.txt

1710	ZAPRA010.txt

1711	ZQMSS013.txt

1712	ZSDSS053.txt

1713	ZSDSS056.txt

1714	ZSDSBS013.txt

1715	ZYBGR061.txt

1716	ZSDSS110.txt

1717	LZSDPDFEXCHANGEU01.txt

1718	ZARIA030_COMP_PERFORMGRA1.txt

1719	ZMMRB999.txt

1720	ZFI_HISTORICO_COMP_PERFORM_NEW.txt

1721	ZARIA030_NOV_PERFORM.txt

1722	ZSDSB252.txt

1723	ZMMSB044.txt

1724	ZMMSB018.txt

1725	ZMMSB046.txt

1726	ZSDRU_SALTOS_NUM.txt

1727	LZCZZA_B2B_ORDEN_ENTRYU26.txt

1728	LZCZZA_UPBU05.txt

1729	LZCZZA_B2BU04.txt

1730	ZMMRB179.txt

1731	ZSDSB072.txt

1732	ZSDRB131.txt

1733	ZMMSZ010.txt

1734	LZSDA_B2B_2_CPYF01.txt

1735	LZCZZA_B2B_ORDEN_ENTRYF01.txt

1736	LZCZZA_B2B_ORDEN_ENTRYF02.txt

1737	ZSDRA004_CLASS.txt

1738	ZSDRA004_MODULES.txt

1739	LZSDA_DELEGACIONESU01.txt

1740	ZSDRA001_ORIG_CLASS.txt

1741	ZSDRA001_ORIG_MODULES.txt

1742	ZSDRB507.txt

1743	ZSD_XX_PARTNER_MIS_C01.txt

1744	LZCZZA_B2B_ORDEN_ENTRYU08.txt

1745	LZSDAOLWAVE2U01.txt

1746	LZZEXFIU04.txt

1747	ZSD_NU_Y560_F02.txt

1748	ZSDSS059.txt

1749	ZJ_1BLB01_SEEDS_ANTES_CFOP.txt

1750	ZMLCCS_KO88_TREATMENT.txt

1751	LZCZZA_B2BF01.txt

1752	ZSD_SALES_STRUCTURE.txt

1753	ZSDSB105_NEW.txt

1754	ZZCOPOI00.txt

1755	LZZEXFIU16.txt

1756	ZSDSB083.txt

1757	ZSDSS107.txt

1758	LZCONFLICTU01.txt

1759	ZMM_MERCHANT_STOCK_PARALEL_F01.txt

1760	ZMMRB075.txt

1761	LZCLAFF02.txt

1762	LZCLAFF01.txt

1763	ZARSB076.txt

1764	LZWFA_FUNC_CLU01.txt

1765	LZFIO_AGING_ALVF01.txt

1766	ZMMRB151.txt

1767	ZCVSB110.txt

1768	ZMMSA005.txt

1769	ZTRIC001.txt

1770	Z_RFFORI01.txt

1771	ZRFFORI07.txt

1772	ZRFFORI06.txt

1773	ZSDSB306.txt

1774	ZCL_SDA_052APP================CM007.txt

1775	ZCL_SDA_052APP================CM004.txt

1776	ZCL_SDA_052APP================CM002.txt

1777	Z_MF02CFK0_CL.txt

1778	ZSDSB217_NEW.txt

1779	ZBCII003.txt

1780	ZBCII09X.txt

1781	ZSDSS127.txt

1782	ZMMSS053.txt

1783	ZSDRS011.txt

1784	ZSDSS007.txt

1785	ZSDSS077.txt

1786	ZFIIS001.txt

1787	ZFISS072.txt

1788	ZMMSS050.txt

1789	LZ_FI_HISTORIAL_FUNCF01.txt

1790	ZSDRB308.txt

1791	ZSDPB010.txt

1792	LZMMZ_DRBK_IAF01.txt

1793	LZZSDAGU02.txt

1794	ZSDRB206.txt

1795	ZSDSB096B.txt

1796	ZSDSS063.txt

1797	ZYBGI70F.txt

1798	ZYBGI70A.txt

1799	ZYBGI70B.txt

1800	LZFIB_FQSRTOOLF05.txt

1801	LZPPZ_V01FFS0.txt

1802	LZPPZ_V01FFM0.txt

1803	LZPPZ_V01FFG0.txt

1804	LZPPZ_V01FFC0.txt

1805	LZPPZ_V01FFB0.txt

1806	LZPPZ_V01FFD0.txt

1807	LZPPZ_V01FFL0.txt

1808	LZPPZ_V01FFE0.txt

1809	LZPPZ_V01FFA0.txt

1810	LZPPZ_V01FFF0.txt

1811	LZSDBR_PV_REPOSITORIO_PROD2U01.txt

1812	ZSD_XX_BARTER_PRODUTOS_F01.txt

1813	LZFIAR_POST_INTERF_PARTIALU02.txt

1814	ZCL_CA_MENSAJES_LOG===========CM002.txt

1815	ZSDSS028_PERF.txt

1816	ZMMRZ032.txt

1817	LZFIAR_POST_INTERF_PARTIALU01.txt

1818	LZFIAR_POST_INTERF_PARTIALU03.txt

1819	Z_MF02CFD0_CL.txt

1820	ZSFBIDE00.txt

1821	ZF_XX_TE_STATUS_REPORT_CLASSES.txt

1822	ZSDRB147.txt

1823	LZZPCU01.txt

1824	ZSDSS090.txt

1825	ZSDRA033_PERFORM.txt

1826	LZPP0U10.txt

1827	ZPPSB029.txt

1828	ZSDRB193.txt

1829	ZPPSB025.txt

1830	LZZSDU12.txt

1831	ZSDSS123.txt

1832	ZWCOLMEN.txt

1833	ZSDSB132.txt

1834	ZSDRB188_W.txt

1835	ZSDRB201.txt

1836	ZSDRB249.txt

1837	LZPP0U02.txt

1838	LZMM_PO_NUTR_FTPU01.txt

1839	ZMMRB186_PO_NF_NUTRADE_FORNEC.txt

1840	ZFI_PERU_LEGAL_BOOKS_CLC3.txt

1841	LZSDA_OPTIDYSU02.txt

1842	ZSDRB267.txt

1843	ZSD_EPIC_DISPATCH_ADV_C01.txt

1844	ZGLSC050.txt

1845	ZGLSA015.txt

1846	ZSD_TAXVAL_CL1.txt

1847	ZPPRB020.txt

1848	ZFI_SEC_CONTRIB.txt

1849	Z_GT_SD_E_INVOICING_F01.txt

1850	YDRR0004.txt

1851	LZ_SD_DELV_UPDATEU01.txt

1852	ZFI_UPD_TAXRATE_J1A1_CLC.txt

1853	LZMMARBASYNCVENDORU01.txt

1854	ZRLVSDR92.txt

1855	ZRLVSDR31.txt

1856	ZRLVSEXTE.txt

1857	LZDIMMEDF01.txt

1858	LZARB_SB_SEGURO_CREDITOU02.txt

1859	ZSDSS085.txt

1860	ZSDRS043.txt

1861	ZJ_1AF205.txt

1862	ZRFZ30FOR.txt

1863	LZFI_XX_COSTMATRIXU01.txt

1864	ZFI_XX_TE_COST_CENTER_2CCR_F01.txt

1865	ZLFR000.txt

1866	ZMMDIRF2002.txt

1867	ZJ_MANAD_SEEDS.txt

1868	LZSDA_FUNCIONES_UPAU07.txt

1869	ZSDRA045_FORMS_P2.txt

1870	ZSDRB144.txt

1871	LZFI_BSPLU02.txt

1872	LZFI_BSPLU03.txt

1873	LZZZA_HORAS_LABU05.txt

1874	ZPPSB007.txt

1875	ZSDSB176.txt

1876	ZSDSO001.txt

1877	ZMMSO013.txt

1878	LZZEXFIU10.txt

1879	ZCVSB300A.txt

1880	ZSD_PRICING_CONTROLS_ORDER_CLC.txt

1881	ZSDSB044_V2.txt

1882	ZSDSS103.txt

1883	ZSDRO012.txt

1884	ZSDRB800_CARGASUBCL.txt

1885	ZSDSB250.txt

1886	LZFMSD_XX_LVC_TABLE_CREATEU02.txt

1887	LZSDB_PEDSYNF04.txt

1888	ZSDB_REPOSITORIO_OBJETOS_009.txt

1889	ZSDB_REPOSITORIO_OBJETOS_008.txt

1890	ZSDB_REPOSITORIO_OBJETOS_019.txt

1891	ZSDB_REPOSITORIO_OBJETOS_018.txt

1892	ZSDB_REPOSITORIO_OBJETOS_006.txt

1893	ZSDB_REPOSITORIO_OBJETOS_017.txt

1894	ZSDB_REPOSITORIO_OBJETOS_005.txt

1895	ZSDB_REPOSITORIO_OBJETOS_016.txt

1896	ZSDB_REPOSITORIO_OBJETOS_004.txt

1897	ZSDB_REPOSITORIO_OBJETOS_015.txt

1898	ZSDB_REPOSITORIO_OBJETOS_003.txt

1899	ZSDB_REPOSITORIO_OBJETOS_002.txt

1900	ZSDB_REPOSITORIO_OBJETOS_013.txt

1901	ZSDB_REPOSITORIO_OBJETOS_001.txt

1902	ZSDB_REPOSITORIO_OBJETOS_010.txt

1903	ZSDB_REPOSITORIO_OBJETOS_021.txt

1904	ZSDB_REPOSITORIO_OBJETOS_020.txt

1905	ZSAFI001.txt

1906	LZSD_COFFEE_VALUE_FETCHU02.txt

1907	ZSD_CONTROLCREDITO============CM005.txt

1908	ZFIRB010.txt

1909	ZSDRB286.txt

1910	LZ_SDB_RFC_CLIENTES_16U01.txt

1911	ZSDV03_SALES01.txt

1912	ZSDV03_PDOC01.txt

1913	ZSDV03_PDOC02.txt

1914	ZSDV03_PDOC03.txt

1915	LZZFIF01.txt

1916	ZSDRB043.txt

1917	ZSDRO006_RVADTR01.txt

1918	LZMMA_0002F01.txt

1919	ZMMSS033.txt

1920	ZRVADOPFOA_UY.txt

1921	LZFTPCONNECTU01.txt

1922	LZZSDU25.txt

1923	ZYBGR014.txt

1924	ZSDSB061.txt

1925	ZSYRDOWN_BR_SE_V6.txt

1926	ZSDSS029.txt

1927	LZSDA_1361F01.txt

1928	ZSD_AR_CARD.txt

1929	LZARA_GARANTIASU01.txt

1930	ZPPIOZF01.txt

1931	ZPPIOHF01.txt

1932	ZPPIOZFWB.txt

1933	ZWMRB001.txt

1934	ZMM_TOLLER_NT001.txt

1935	ZSDSB151.txt

1936	LZZEXPUBLICAU09.txt

1937	ZCVSB540.txt

1938	ZFIRB011.txt

1939	LZUSRU23.txt

1940	LZZEXFIF01.txt

1941	ZCVRB423.txt

1942	ZFISS068.txt

1943	ZCVSB900.txt

1944	ZFINDEX.txt

1945	ZSDSB186.txt

1946	ZCVSB614.txt

1947	ZFISZ006.txt

1948	ZFIRB003_ANT.txt

1949	ZSDSB210.txt

1950	LZFI_XX_DB_INU01.txt

1951	ZSDSB115.txt

1952	ZSDSB124.txt

1953	LZSDB_PEDSYNU07.txt

1954	LZSDB_PEDSYN_PRODF02.txt

1955	ZSDRB123.txt

1956	LZSDA_FUNCIONES_UPAF01.txt

1957	ZSDRB107.txt

1958	ZSDSS095_OLD.txt

1959	ZSDSS128.txt

1960	ZMMRB174.txt

1961	ZMMRA036.txt

1962	ZMMSC005_PIVOTAL.txt

1963	ZSBRSD_NFE_310.txt

1964	LZJ_1B_NFEU03.txt

1965	LZJ_1B_NFEU05.txt

1966	LZJ_1B_NFEU02.txt

1967	ZSDIB004.txt

1968	ZSDRB275.txt

1969	ZXVVFF01.txt

1970	ZSDSS104.txt

1971	LZ_FI_ITEMSU02.txt

1972	LZ_FI_ITEMSF11.txt

1973	ZYBGR067.txt

1974	ZSDRB327.txt

1975	ZARRB081.txt

1976	ZAPRA010_TOP.txt

1977	ZYBGR068.txt

1978	ZSDPB001_3.txt

1979	LZSDA_B2B_2U28.txt

1980	LZSDA_PIVU06.txt

1981	LZSDA_DESTINATARIOSU01.txt

1982	LZCZZA_B2B_ORDEN_ENTRYU24.txt

1983	LZCZZA_B2B_ORDEN_ENTRYU18.txt

1984	LZUSRU18.txt

1985	LZCZZA_B2BU32.txt

1986	LZCZZA_B2BU16.txt

1987	ZSDSB177_B.txt

1988	ZSDSS114.txt

1989	Z_OBJECT_TR_HISTORY.txt

1990	LZMMMERCHANT_STOCKU01.txt

1991	ZSDRO016.txt

1992	ZMMRB088.txt

1993	LZWFA_FUNC_CLU02.txt

1994	ZMMSA006.txt

1995	ZWCOI003.txt

1996	LZGR_SDA_POPUPU02.txt

1997	LZSDA_CREDTEC_PANTALLASU01.txt

1998	LZGR_SDA_POPUPU01.txt

1999	ZBCII003V01.txt

2000	ZMMIZ006.txt

2001	ZSDRS037.txt

2002	ZSDSB297.txt

2003	ZBCII011.txt

2004	ZSDSB070.txt

2005	ZSDSB069.txt

2006	ZGLRA008_PERFORM.txt

2007	ZSDRB325.txt

2008	ZZ_RVADOPFO.txt

2009	LZZSDAGF01.txt

2010	LZ_SD_RFC_PV_REPOSIT_PRODF01.txt

2011	LZSDBR_PV_REPOSITORIO_PROD2F01.txt

2012	LZSB01U57.txt

2013	LZFIPIF00.txt

2014	LZFIAR_POST_INTERF_PARTIALF01.txt

2015	ZSDSS049.txt

2016	ZSDSS061.txt

2017	ZSDSS073.txt

2018	ZSDRS051.txt

2019	ZPPB_CONSULTA_AMOSTRA.txt

2020	ZRFBIZAV0.txt

2021	LZZSDU03.txt

2022	ZCOSS021.txt

2023	LZPP0F01.txt

2024	LZPP0U03.txt

2025	LZPP0U08.txt

2026	ZPPSB032.txt

2027	ZSDSB064.txt

2028	ZSDSS008.txt

2029	ZSDRB326.txt

2030	ZSDSB198.txt

2031	ZMMSB056.txt

2032	ZIN_RD_PO_IDOC_CR_SO_GSAP_F01.txt

2033	ZFI_XX_EHR_VMD_INTERFACE_F01.txt

2034	ZPPSB100_V01.txt

2035	LZ_SD_DELV_UPDATEF01.txt

2036	ZFI_XX_TE_SAP_OTV_INV_F01.txt

2037	LZ_0SF_SFORM_VERSIONF01.txt

2038	LZFI_XX_COSTMATRIXF01.txt

2039	ZLFN003.txt

2040	ZLFN002.txt

2041	ZSDRA026_FORM.txt

2042	LZFI_BSPLF02.txt

2043	LZFI_BSPLF03.txt

2044	LZZEXFIU17.txt

2045	ZSDSS136.txt

2046	ZSDRB801_CARGACOMIS.txt

2047	LZSDB_PEDSYNU08.txt

2048	LZWFA_FUNCU14.txt

2049	ZSD_CONTROLCREDITO============CM002.txt

2050	LZ_SDB_RFC_CLIENTES_07U01.txt

2051	LZ_SDB_RFC_CLIENTES_09U01.txt

2052	LZ_SDB_RFC_CLIENTES_01U02.txt

2053	LZZEXU06.txt

2054	LZ_SDB_RFC_CLIENTES_05U01.txt

2055	ZSDRB064.txt

2056	LZFIPIU04.txt

2057	LZFIPIU02.txt

2058	LZFIPIU01.txt

2059	ZPPRB021_NEW.txt

2060	ZYBGR017.txt

2061	ZPPPIAFUC.txt

2062	ZPPIOZPFL.txt

2063	ZPPPIAFPR.txt

2064	ZPPIOZAFS.txt

2065	ZPPIOZAUF.txt

2066	ZPPIOZF02.txt

2067	ZWMRB001_STATUS_0100O01.txt

2068	LZZEXPUBLICAF01.txt

2069	LZZEXFIU12.txt

2070	ZSDRB257.txt

2071	ZSDSB900.txt

2072	LZBR_NFE310U02.txt

2073	LZJ_1B_NFE_SEF01.txt

2074	ZSDRB330.txt

2075	ZSDRB331.txt

2076	LZARB_FICHA_CREDITOU07.txt

2077	LZARB_FICHA_CREDITOU04.txt

2078	ZSDRB001.txt

2079	ZMMSB115.txt

2080	ZSDPB001_NEW.txt

2081	ZSDPC007C.txt

2082	LZSDA_DESTINATARIOSF01.txt

2083	ZSDSB272.txt

2084	ZMM_MERCHANT_STOCK_F01.txt

2085	ZWCOI000.txt

2086	ZCL_SDA_052CONTROLLER=========CM009.txt

2087	ZCL_SDA_052EVALUACIONES=======CM00M.txt

2088	ZCL_SDA_052CONTROLLER=========CM002.txt

2089	ZGLRA015_PERFORM.txt

2090	LZPVB_VERIF_CLIENTE_PORTALU01.txt

2091	LZSDBR_PV_REPOSITORIO_PRODF02.txt

2092	LZSB01_TESTEF01.txt

2093	LZSDBR_PV_REPOSITORIO_PRODF01.txt

2094	LZSB01F01.txt

2095	LZFWTHU01.txt

2096	ZSDSS022.txt

2097	ZSDSB173_B_RFC.txt

2098	LZPP0U05.txt

2099	LZPP0U07.txt

2100	ZSDSB093.txt

2101	ZSDSB148.txt

2102	ZMMSBS15.txt

2103	ZFI_XX_TE_GPS_FOUND_INTER_F01.txt

2104	LZUSRU22.txt

2105	ZSDSB144.txt

2106	LZ_SDB_RFC_CLIENTES_08U01.txt

2107	LZ_SDB_RFC_CLIENTES_06U01.txt

2108	ZPPIOADET.txt

2109	ZPPIOAFSA.txt

2110	ZPPPIASTR.txt

2111	ZPPIOAFLT.txt

2112	ZPPIOAFAZ.txt

2113	ZPPIOZSL1.txt

2114	ZPPIOARPF.txt

2115	ZPPIOZSEL.txt

2116	LZZEXSDU18.txt

2117	LZSDS_DEVOLUCAOU01.txt

2118	LZARB_FICHA_CREDITOU12.txt

2119	LZARB_FICHA_CREDITOU11.txt

2120	ZARSB070.txt

2121	LZARB_FICHA_CREDITOF03.txt

2122	LZARB_FICHA_CREDITOF07.txt

2123	LZGKOU01.txt

2124	ZSDSB077.txt

2125	ZSD_ANALISE_CFOP_F01.txt

2126	ZMMSB117.txt

2127	ZMMSS064.txt

2128	ZCL_SDA_052EVALUACIONES=======CM00C.txt

2129	LZSDA_CREDTEC_EVALUACIONESU01.txt

2130	ZCL_SDA_052EVALUACIONES=======CM001.txt

2131	LZARM01U06.txt

2132	LZSB01U05.txt

2133	LZSB01U02.txt

2134	LZZEXSDU15.txt

2135	LZSP02F01.txt

2136	LZSDB_EX_BARTERF01.txt

2137	LZSDB_SPM_BU01.txt

2138	LZ_SDB_RFC_CLIENTES_14F01.txt

2139	LZ_SDB_RFC_CLIENTES_13F01.txt

2140	LZ_SDB_RFC_CLIENTES_08F01.txt

2141	LZ_SDB_RFC_CLIENTES_06F01.txt

2142	LZARB_FICHA_CREDITOU03.txt

2143	LZARB_FICHA_CREDITOU31.txt

2144	ZBCSZ003.txt

2145	LZARB_FICHA_CREDITOU20.txt

2146	LZARB_FICHA_CREDITOF01.txt

2147	LZARB_SER_INF_CREDU07.txt

2148	LZARB_SER_INF_CREDU01.txt

2149	LZGKOF01.txt

2150	LZZEXSDU12.txt

2151	ZCL_SDA_052IMPRESION==========CM001.txt

2152	LZARM01F06.txt

2153	LZARM01F03.txt

2154	LZSDB_EX_BARTERU02.txt

2155	LZSDB_SPM_BF01.txt

2156	ZFISS028.txt

2157	ZSDSB102.txt

2158	ZSDRB322.txt

2159	LZARB_FICHA_CREDITOU27.txt

2160	ZSDSB292.txt

2161	LZ_SDB_RFC_CLIENTES_10U01.txt

2162	LZARB_RLC_LIMITE_CREDITOF02.txt

2163	LZARB_SER_INF_CREDU03.txt

2164	LZZEXSDF01.txt

2165	ZMMSC005.txt

2166	LZZEXARMF01.txt

2167	ZSDSS024.txt

2168	ZSDSB103.txt

